<ImportExportXml version="9.1.7.5" SolutionPackageVersion="9.1" languagecode="1033" generatedBy="OnPremise" xmlns:xsi="http://www.w3.org/2001/XMLSchema-instance">
  <SolutionManifest>
    <UniqueName>UpdateProcessStatus_AhmedBassal</UniqueName>
    <LocalizedNames>
      <LocalizedName description="Update Process Status AhmedBassal" languagecode="1033" />
    </LocalizedNames>
    <Descriptions />
    <Version>1.0.0.0</Version>
    <Managed>1</Managed>
    <Publisher>
      <UniqueName>DefaultPublisherCRM356V9</UniqueName>
      <LocalizedNames>
        <LocalizedName description="Default Publisher for CRM356V9" languagecode="1033" />
      </LocalizedNames>
      <Descriptions>
        <Description description="Default publisher for this organization" languagecode="1033" />
      </Descriptions>
      <EMailAddress xsi:nil="true"></EMailAddress>
      <SupportingWebsiteUrl xsi:nil="true"></SupportingWebsiteUrl>
      <CustomizationPrefix>ldv</CustomizationPrefix>
      <CustomizationOptionValuePrefix>75324</CustomizationOptionValuePrefix>
      <Addresses>
        <Address>
          <AddressNumber>1</AddressNumber>
          <AddressTypeCode xsi:nil="true"></AddressTypeCode>
          <City xsi:nil="true"></City>
          <County xsi:nil="true"></County>
          <Country xsi:nil="true"></Country>
          <Fax xsi:nil="true"></Fax>
          <FreightTermsCode xsi:nil="true"></FreightTermsCode>
          <ImportSequenceNumber xsi:nil="true"></ImportSequenceNumber>
          <Latitude xsi:nil="true"></Latitude>
          <Line1 xsi:nil="true"></Line1>
          <Line2 xsi:nil="true"></Line2>
          <Line3 xsi:nil="true"></Line3>
          <Longitude xsi:nil="true"></Longitude>
          <Name xsi:nil="true"></Name>
          <PostalCode xsi:nil="true"></PostalCode>
          <PostOfficeBox xsi:nil="true"></PostOfficeBox>
          <PrimaryContactName xsi:nil="true"></PrimaryContactName>
          <ShippingMethodCode xsi:nil="true"></ShippingMethodCode>
          <StateOrProvince xsi:nil="true"></StateOrProvince>
          <Telephone1 xsi:nil="true"></Telephone1>
          <Telephone2 xsi:nil="true"></Telephone2>
          <Telephone3 xsi:nil="true"></Telephone3>
          <TimeZoneRuleVersionNumber xsi:nil="true"></TimeZoneRuleVersionNumber>
          <UPSZone xsi:nil="true"></UPSZone>
          <UTCOffset xsi:nil="true"></UTCOffset>
          <UTCConversionTimeZoneCode xsi:nil="true"></UTCConversionTimeZoneCode>
        </Address>
        <Address>
          <AddressNumber>2</AddressNumber>
          <AddressTypeCode xsi:nil="true"></AddressTypeCode>
          <City xsi:nil="true"></City>
          <County xsi:nil="true"></County>
          <Country xsi:nil="true"></Country>
          <Fax xsi:nil="true"></Fax>
          <FreightTermsCode xsi:nil="true"></FreightTermsCode>
          <ImportSequenceNumber xsi:nil="true"></ImportSequenceNumber>
          <Latitude xsi:nil="true"></Latitude>
          <Line1 xsi:nil="true"></Line1>
          <Line2 xsi:nil="true"></Line2>
          <Line3 xsi:nil="true"></Line3>
          <Longitude xsi:nil="true"></Longitude>
          <Name xsi:nil="true"></Name>
          <PostalCode xsi:nil="true"></PostalCode>
          <PostOfficeBox xsi:nil="true"></PostOfficeBox>
          <PrimaryContactName xsi:nil="true"></PrimaryContactName>
          <ShippingMethodCode xsi:nil="true"></ShippingMethodCode>
          <StateOrProvince xsi:nil="true"></StateOrProvince>
          <Telephone1 xsi:nil="true"></Telephone1>
          <Telephone2 xsi:nil="true"></Telephone2>
          <Telephone3 xsi:nil="true"></Telephone3>
          <TimeZoneRuleVersionNumber xsi:nil="true"></TimeZoneRuleVersionNumber>
          <UPSZone xsi:nil="true"></UPSZone>
          <UTCOffset xsi:nil="true"></UTCOffset>
          <UTCConversionTimeZoneCode xsi:nil="true"></UTCConversionTimeZoneCode>
        </Address>
      </Addresses>
    </Publisher>
    <RootComponents>
      <RootComponent type="1" schemaName="ldv_mapprocessstatus" behavior="0" />
      <RootComponent type="9" schemaName="ldv_functionalityofmapstatus" behavior="0" />
      <RootComponent type="9" schemaName="ldv_processcategory" behavior="0" />
      <RootComponent type="29" id="{cfd4bfce-9e5f-4444-b6a0-9334a42beec8}" behavior="0" />
      <RootComponent type="29" id="{d11730e9-d4c8-46d5-b917-7c47cd5580ed}" behavior="0" />
      <RootComponent type="61" schemaName="ldv_ABLogo" behavior="0" />
      <RootComponent type="61" schemaName="ldv_AB_Entities" behavior="0" />
      <RootComponent type="61" schemaName="ldv_MapProcessStatus" behavior="0" />
      <RootComponent type="61" schemaName="ldv_MapProcessStatus_Ribbon" behavior="0" />
      <RootComponent type="62" schemaName="ldv_MapProcessStatus" behavior="0" />
      <RootComponent type="80" schemaName="ldv_MapProcessStatus" behavior="0" />
    </RootComponents>
    <MissingDependencies>
      <MissingDependency>
        <Required key="0" type="1" schemaName="ldv_mapprocessstatus" displayName="MapProcessStatus" solution="MapProcessesStatus_AhmedBassal (1.0.0.0)" />
        <Dependent key="0" type="1" schemaName="ldv_mapprocessstatus" displayName="MapProcessStatus" />
      </MissingDependency>
      <MissingDependency>
        <Required key="0" type="1" schemaName="ldv_mapprocessstatus" displayName="MapProcessStatus" solution="MapProcessesStatus_AhmedBassal (1.0.0.0)" />
        <Dependent key="1" type="2" schemaName="statuscodename" parentSchemaName="ldv_mapprocessstatus" parentDisplayName="MapProcessStatus" />
      </MissingDependency>
      <MissingDependency>
        <Required key="0" type="1" schemaName="ldv_mapprocessstatus" displayName="MapProcessStatus" solution="MapProcessesStatus_AhmedBassal (1.0.0.0)" />
        <Dependent key="2" type="2" schemaName="ldv_functionalityname" parentSchemaName="ldv_mapprocessstatus" parentDisplayName="MapProcessStatus" />
      </MissingDependency>
      <MissingDependency>
        <Required key="0" type="1" schemaName="ldv_mapprocessstatus" displayName="MapProcessStatus" solution="MapProcessesStatus_AhmedBassal (1.0.0.0)" />
        <Dependent key="3" type="2" schemaName="modifiedbyname" parentSchemaName="ldv_mapprocessstatus" parentDisplayName="MapProcessStatus" />
      </MissingDependency>
      <MissingDependency>
        <Required key="0" type="1" schemaName="ldv_mapprocessstatus" displayName="MapProcessStatus" solution="MapProcessesStatus_AhmedBassal (1.0.0.0)" />
        <Dependent key="4" type="2" schemaName="owningteam" displayName="Owning Team" parentSchemaName="ldv_mapprocessstatus" parentDisplayName="MapProcessStatus" />
      </MissingDependency>
      <MissingDependency>
        <Required key="0" type="1" schemaName="ldv_mapprocessstatus" displayName="MapProcessStatus" solution="MapProcessesStatus_AhmedBassal (1.0.0.0)" />
        <Dependent key="5" type="2" schemaName="owneriddsc" parentSchemaName="ldv_mapprocessstatus" parentDisplayName="MapProcessStatus" />
      </MissingDependency>
      <MissingDependency>
        <Required key="0" type="1" schemaName="ldv_mapprocessstatus" displayName="MapProcessStatus" solution="MapProcessesStatus_AhmedBassal (1.0.0.0)" />
        <Dependent key="6" type="2" schemaName="ldv_primaryentitiesname" parentSchemaName="ldv_mapprocessstatus" parentDisplayName="MapProcessStatus" />
      </MissingDependency>
      <MissingDependency>
        <Required key="0" type="1" schemaName="ldv_mapprocessstatus" displayName="MapProcessStatus" solution="MapProcessesStatus_AhmedBassal (1.0.0.0)" />
        <Dependent key="7" type="2" schemaName="createdbyyominame" parentSchemaName="ldv_mapprocessstatus" parentDisplayName="MapProcessStatus" />
      </MissingDependency>
      <MissingDependency>
        <Required key="0" type="1" schemaName="ldv_mapprocessstatus" displayName="MapProcessStatus" solution="MapProcessesStatus_AhmedBassal (1.0.0.0)" />
        <Dependent key="8" type="2" schemaName="ownerid" displayName="Owner" parentSchemaName="ldv_mapprocessstatus" parentDisplayName="MapProcessStatus" />
      </MissingDependency>
      <MissingDependency>
        <Required key="0" type="1" schemaName="ldv_mapprocessstatus" displayName="MapProcessStatus" solution="MapProcessesStatus_AhmedBassal (1.0.0.0)" />
        <Dependent key="9" type="2" schemaName="owneridname" parentSchemaName="ldv_mapprocessstatus" parentDisplayName="MapProcessStatus" />
      </MissingDependency>
      <MissingDependency>
        <Required key="0" type="1" schemaName="ldv_mapprocessstatus" displayName="MapProcessStatus" solution="MapProcessesStatus_AhmedBassal (1.0.0.0)" />
        <Dependent key="10" type="2" schemaName="owningbusinessunit" displayName="Owning Business Unit" parentSchemaName="ldv_mapprocessstatus" parentDisplayName="MapProcessStatus" />
      </MissingDependency>
      <MissingDependency>
        <Required key="0" type="1" schemaName="ldv_mapprocessstatus" displayName="MapProcessStatus" solution="MapProcessesStatus_AhmedBassal (1.0.0.0)" />
        <Dependent key="11" type="2" schemaName="modifiedonbehalfbyname" parentSchemaName="ldv_mapprocessstatus" parentDisplayName="MapProcessStatus" />
      </MissingDependency>
      <MissingDependency>
        <Required key="0" type="1" schemaName="ldv_mapprocessstatus" displayName="MapProcessStatus" solution="MapProcessesStatus_AhmedBassal (1.0.0.0)" />
        <Dependent key="12" type="2" schemaName="createdby" displayName="Created By" parentSchemaName="ldv_mapprocessstatus" parentDisplayName="MapProcessStatus" />
      </MissingDependency>
      <MissingDependency>
        <Required key="0" type="1" schemaName="ldv_mapprocessstatus" displayName="MapProcessStatus" solution="MapProcessesStatus_AhmedBassal (1.0.0.0)" />
        <Dependent key="13" type="2" schemaName="createdonbehalfbyyominame" parentSchemaName="ldv_mapprocessstatus" parentDisplayName="MapProcessStatus" />
      </MissingDependency>
      <MissingDependency>
        <Required key="0" type="1" schemaName="ldv_mapprocessstatus" displayName="MapProcessStatus" solution="MapProcessesStatus_AhmedBassal (1.0.0.0)" />
        <Dependent key="14" type="2" schemaName="createdbyname" parentSchemaName="ldv_mapprocessstatus" parentDisplayName="MapProcessStatus" />
      </MissingDependency>
      <MissingDependency>
        <Required key="0" type="1" schemaName="ldv_mapprocessstatus" displayName="MapProcessStatus" solution="MapProcessesStatus_AhmedBassal (1.0.0.0)" />
        <Dependent key="15" type="2" schemaName="modifiedby" displayName="Modified By" parentSchemaName="ldv_mapprocessstatus" parentDisplayName="MapProcessStatus" />
      </MissingDependency>
      <MissingDependency>
        <Required key="0" type="1" schemaName="ldv_mapprocessstatus" displayName="MapProcessStatus" solution="MapProcessesStatus_AhmedBassal (1.0.0.0)" />
        <Dependent key="16" type="2" schemaName="createdonbehalfby" displayName="Created By (Delegate)" parentSchemaName="ldv_mapprocessstatus" parentDisplayName="MapProcessStatus" />
      </MissingDependency>
      <MissingDependency>
        <Required key="0" type="1" schemaName="ldv_mapprocessstatus" displayName="MapProcessStatus" solution="MapProcessesStatus_AhmedBassal (1.0.0.0)" />
        <Dependent key="17" type="2" schemaName="modifiedonbehalfby" displayName="Modified By (Delegate)" parentSchemaName="ldv_mapprocessstatus" parentDisplayName="MapProcessStatus" />
      </MissingDependency>
      <MissingDependency>
        <Required key="0" type="1" schemaName="ldv_mapprocessstatus" displayName="MapProcessStatus" solution="MapProcessesStatus_AhmedBassal (1.0.0.0)" />
        <Dependent key="18" type="2" schemaName="owneridtype" parentSchemaName="ldv_mapprocessstatus" parentDisplayName="MapProcessStatus" />
      </MissingDependency>
      <MissingDependency>
        <Required key="0" type="1" schemaName="ldv_mapprocessstatus" displayName="MapProcessStatus" solution="MapProcessesStatus_AhmedBassal (1.0.0.0)" />
        <Dependent key="19" type="2" schemaName="modifiedonbehalfbyyominame" parentSchemaName="ldv_mapprocessstatus" parentDisplayName="MapProcessStatus" />
      </MissingDependency>
      <MissingDependency>
        <Required key="0" type="1" schemaName="ldv_mapprocessstatus" displayName="MapProcessStatus" solution="MapProcessesStatus_AhmedBassal (1.0.0.0)" />
        <Dependent key="20" type="2" schemaName="owninguser" displayName="Owning User" parentSchemaName="ldv_mapprocessstatus" parentDisplayName="MapProcessStatus" />
      </MissingDependency>
      <MissingDependency>
        <Required key="0" type="1" schemaName="ldv_mapprocessstatus" displayName="MapProcessStatus" solution="MapProcessesStatus_AhmedBassal (1.0.0.0)" />
        <Dependent key="21" type="2" schemaName="statecodename" parentSchemaName="ldv_mapprocessstatus" parentDisplayName="MapProcessStatus" />
      </MissingDependency>
      <MissingDependency>
        <Required key="0" type="1" schemaName="ldv_mapprocessstatus" displayName="MapProcessStatus" solution="MapProcessesStatus_AhmedBassal (1.0.0.0)" />
        <Dependent key="22" type="2" schemaName="versionnumber" displayName="Version Number" parentSchemaName="ldv_mapprocessstatus" parentDisplayName="MapProcessStatus" />
      </MissingDependency>
      <MissingDependency>
        <Required key="0" type="1" schemaName="ldv_mapprocessstatus" displayName="MapProcessStatus" solution="MapProcessesStatus_AhmedBassal (1.0.0.0)" />
        <Dependent key="23" type="2" schemaName="createdonbehalfbyname" parentSchemaName="ldv_mapprocessstatus" parentDisplayName="MapProcessStatus" />
      </MissingDependency>
      <MissingDependency>
        <Required key="0" type="1" schemaName="ldv_mapprocessstatus" displayName="MapProcessStatus" solution="MapProcessesStatus_AhmedBassal (1.0.0.0)" />
        <Dependent key="24" type="2" schemaName="owneridyominame" parentSchemaName="ldv_mapprocessstatus" parentDisplayName="MapProcessStatus" />
      </MissingDependency>
      <MissingDependency>
        <Required key="0" type="1" schemaName="ldv_mapprocessstatus" displayName="MapProcessStatus" solution="MapProcessesStatus_AhmedBassal (1.0.0.0)" />
        <Dependent key="25" type="2" schemaName="ldv_processcategoryname" parentSchemaName="ldv_mapprocessstatus" parentDisplayName="MapProcessStatus" />
      </MissingDependency>
      <MissingDependency>
        <Required key="0" type="1" schemaName="ldv_mapprocessstatus" displayName="MapProcessStatus" solution="MapProcessesStatus_AhmedBassal (1.0.0.0)" />
        <Dependent key="26" type="2" schemaName="modifiedbyyominame" parentSchemaName="ldv_mapprocessstatus" parentDisplayName="MapProcessStatus" />
      </MissingDependency>
      <MissingDependency>
        <Required key="0" type="1" schemaName="ldv_mapprocessstatus" displayName="MapProcessStatus" solution="MapProcessesStatus_AhmedBassal (1.0.0.0)" />
        <Dependent key="27" type="2" schemaName="ldv_processdataforupdate_name" parentSchemaName="ldv_mapprocessstatus" parentDisplayName="MapProcessStatus" />
      </MissingDependency>
      <MissingDependency>
        <Required key="0" type="1" schemaName="ldv_mapprocessstatus" displayName="MapProcessStatus" solution="MapProcessesStatus_AhmedBassal (1.0.0.0)" />
        <Dependent key="28" type="68" id="{cf601b2c-ea6a-4682-9b16-e23890209941}" />
      </MissingDependency>
      <MissingDependency>
        <Required key="0" type="1" schemaName="ldv_mapprocessstatus" displayName="MapProcessStatus" solution="MapProcessesStatus_AhmedBassal (1.0.0.0)" />
        <Dependent key="29" type="50" schemaName="ldv_mapprocessstatus:RibbonDiffXml" parentSchemaName="ribboncustomization" parentDisplayName="Application Ribbons" />
      </MissingDependency>
      <MissingDependency>
        <Required key="30" type="61" schemaName="ldv_MapProcessStatus" displayName="ldv_MapProcessStatus" solution="MapProcessesStatus_AhmedBassal (1.0.0.0)" />
        <Dependent key="29" type="50" schemaName="ldv_mapprocessstatus:RibbonDiffXml" parentSchemaName="ribboncustomization" parentDisplayName="Application Ribbons" />
      </MissingDependency>
      <MissingDependency>
        <Required key="31" type="61" schemaName="ldv_MapProcessStatus_Ribbon" displayName="ldv_MapProcessStatus_Ribbon" solution="MapProcessesStatus_AhmedBassal (1.0.0.0)" />
        <Dependent key="29" type="50" schemaName="ldv_mapprocessstatus:RibbonDiffXml" parentSchemaName="ribboncustomization" parentDisplayName="Application Ribbons" />
      </MissingDependency>
      <MissingDependency>
        <Required key="0" type="1" schemaName="ldv_mapprocessstatus" displayName="MapProcessStatus" solution="MapProcessesStatus_AhmedBassal (1.0.0.0)" />
        <Dependent key="32" type="80" schemaName="ldv_MapProcessStatus" displayName="Map Process Status" />
      </MissingDependency>
      <MissingDependency>
        <Required key="33" type="62" schemaName="ldv_MapProcessStatus" solution="MapProcessesStatus_AhmedBassal (1.0.0.0)" />
        <Dependent key="32" type="80" schemaName="ldv_MapProcessStatus" displayName="Map Process Status" />
      </MissingDependency>
      <MissingDependency>
        <Required key="34" type="61" schemaName="ldv_ABLogo" displayName="ldv_ABLogo" solution="MapProcessesStatus_AhmedBassal (1.0.0.0)" />
        <Dependent key="32" type="80" schemaName="ldv_MapProcessStatus" displayName="Map Process Status" />
      </MissingDependency>
      <MissingDependency>
        <Required key="35" type="9" schemaName="ldv_functionalityofmapstatus" displayName="Functionality Of Map Status" solution="MapProcessesStatus_AhmedBassal (1.0.0.0)" />
        <Dependent key="35" type="9" schemaName="ldv_functionalityofmapstatus" displayName="Functionality Of Map Status" />
      </MissingDependency>
      <MissingDependency>
        <Required key="36" type="9" schemaName="ldv_processcategory" displayName="Process Category" solution="MapProcessesStatus_AhmedBassal (1.0.0.0)" />
        <Dependent key="36" type="9" schemaName="ldv_processcategory" displayName="Process Category" />
      </MissingDependency>
      <MissingDependency>
        <Required key="37" type="29" displayName="[WF][Map Process Status][On Demand] Generate Process Data" solution="MapProcessesStatus_AhmedBassal (1.0.0.0)" id="{d11730e9-d4c8-46d5-b917-7c47cd5580ed}" />
        <Dependent key="37" type="29" displayName="[WF][Map Process Status][On Demand] Generate Process Data" id="{d11730e9-d4c8-46d5-b917-7c47cd5580ed}" />
      </MissingDependency>
      <MissingDependency>
        <Required key="38" type="29" displayName="[WF][Map Process Status][On Demand] Update Process Status - Ribbon Call" solution="MapProcessesStatus_AhmedBassal (1.0.0.0)" id="{cfd4bfce-9e5f-4444-b6a0-9334a42beec8}" />
        <Dependent key="38" type="29" displayName="[WF][Map Process Status][On Demand] Update Process Status - Ribbon Call" id="{cfd4bfce-9e5f-4444-b6a0-9334a42beec8}" />
      </MissingDependency>
      <MissingDependency>
        <Required key="33" type="62" schemaName="ldv_MapProcessStatus" solution="MapProcessesStatus_AhmedBassal (1.0.0.0)" />
        <Dependent key="33" type="62" schemaName="ldv_MapProcessStatus" />
      </MissingDependency>
      <MissingDependency>
        <Required key="30" type="61" schemaName="ldv_MapProcessStatus" displayName="ldv_MapProcessStatus" solution="MapProcessesStatus_AhmedBassal (1.0.0.0)" />
        <Dependent key="30" type="61" schemaName="ldv_MapProcessStatus" displayName="ldv_MapProcessStatus" />
      </MissingDependency>
      <MissingDependency>
        <Required key="34" type="61" schemaName="ldv_ABLogo" displayName="ldv_ABLogo" solution="MapProcessesStatus_AhmedBassal (1.0.0.0)" />
        <Dependent key="34" type="61" schemaName="ldv_ABLogo" displayName="ldv_ABLogo" />
      </MissingDependency>
      <MissingDependency>
        <Required key="39" type="61" schemaName="ldv_AB_Entities" displayName="ldv_AB_Entities" solution="MapProcessesStatus_AhmedBassal (1.0.0.0)" />
        <Dependent key="39" type="61" schemaName="ldv_AB_Entities" displayName="ldv_AB_Entities" />
      </MissingDependency>
      <MissingDependency>
        <Required key="31" type="61" schemaName="ldv_MapProcessStatus_Ribbon" displayName="ldv_MapProcessStatus_Ribbon" solution="MapProcessesStatus_AhmedBassal (1.0.0.0)" />
        <Dependent key="31" type="61" schemaName="ldv_MapProcessStatus_Ribbon" displayName="ldv_MapProcessStatus_Ribbon" />
      </MissingDependency>
    </MissingDependencies>
  </SolutionManifest>
</ImportExportXml>